Abbreviation,avg_lap_time,median_lap_time,std_lap_time,laps_count
HAM,97.48968627450981,92.974,14.690556628651205,51
VER,96.8326862745098,92.363,14.70752211147778,51
